variant_id	breakpoint	seqname	pos	gene_id	gene_symbol	gene_strand	is_exon	num_exon	is_intron	num_intron	is_cds	is_disease_gene	region_type	gene_disruption_summary
30EFE4	1	chr8	38425101	ENSG00000077782.24	FGFR1	-	FALSE	0	TRUE	30	TRUE	TRUE	Intron	FGFR1 (Intron)
30EFE4	1	chr8	38425101	ENSG00000255201.1	ENSG00000255201	+	FALSE	0	TRUE	1	TRUE	FALSE	Intron	ENSG00000255201 (Intron)
30EFE4	2	chr8	84860032	ENSG00000184672.12	RALYL	+	FALSE	0	TRUE	7	TRUE	FALSE	Intron	RALYL (Intron)
40D498	1	chr14	95239053	ENSG00000165959.13	CLMN	-	FALSE	0	TRUE	3	TRUE	FALSE	Intron	CLMN (Intron)
40D498	2	chr14	95570194	NA	NA	NA	FALSE	0	FALSE	0	FALSE	FALSE	Intergenic	Intergenic region
4984E3	1	chr2	165359599	ENSG00000136531.19	SCN2A	+	FALSE	0	TRUE	6	TRUE	TRUE	Intron	SCN2A (Intron)
4984E3	2	chr2	166077749	ENSG00000144285.24	SCN1A	-	TRUE	6	TRUE	3	TRUE	TRUE	Exon	SCN1A (Exon)
4984E3	2	chr2	166077749	ENSG00000236107.12	SCN1A-AS1	+	FALSE	0	TRUE	1	TRUE	FALSE	Intron	SCN1A-AS1 (Intron)
912279	1	chrX	134378155	ENSG00000156531.19	PHF6	+	FALSE	0	TRUE	19	TRUE	TRUE	Intron	PHF6 (Intron)
912279	2	chrX	134483376	ENSG00000165704.16	HPRT1	+	FALSE	0	TRUE	8	TRUE	TRUE	Intron	HPRT1 (Intron)
